<?xml version="1.0" encoding="UTF-8"?>
<project-private xmlns="http://www.netbeans.org/ns/project-private/1">
    <editor-bookmarks xmlns="http://www.netbeans.org/ns/editor-bookmarks/2" lastBookmarkId="0"/>
    <open-files xmlns="http://www.netbeans.org/ns/projectui-open-files/2">
        <group>
            <file>file:/C:/Users/User/Documents/NetBeansProjects/RMI_PROJECT/src/StoreUser.java</file>
            <file>file:/C:/Users/User/Documents/NetBeansProjects/RMI_PROJECT/src/SaleImpl.java</file>
            <file>file:/C:/Users/User/Documents/NetBeansProjects/RMI_PROJECT/src/ElectronicStore.java</file>
            <file>file:/C:/Users/User/Documents/NetBeansProjects/RMI_PROJECT/src/Sale.java</file>
            <file>file:/C:/Users/User/Documents/NetBeansProjects/RMI_PROJECT/src/ElectronicStoreImpl.java</file>
            <file>file:/C:/Users/User/Documents/NetBeansProjects/RMI_PROJECT/src/ElectronicStoreServer.java</file>
        </group>
    </open-files>
</project-private>
